individual,KC,n_opp,max_time_btw_opp
Stu_00534e69904177f44e6e707bdd26d217,all,6,16
Stu_00534e69904177f44e6e707bdd26d217,all*NearBench,6,14
Stu_00534e69904177f44e6e707bdd26d217,all*NearBench*1/10,2,5
Stu_00534e69904177f44e6e707bdd26d217,all*NearBench*1/8,2,7
Stu_00534e69904177f44e6e707bdd26d217,all*NearBench*5/6,2,7
Stu_00534e69904177f44e6e707bdd26d217,all*NearBench*Click,4,10
Stu_00534e69904177f44e6e707bdd26d217,all*NearBench*Click*1/10,2,12
Stu_00534e69904177f44e6e707bdd26d217,all*NearBench*Click*9/10,2,9
Stu_00534e69904177f44e6e707bdd26d217,all*NearBench*Click*NonUnitNearBench,4,8
Stu_00534e69904177f44e6e707bdd26d217,all*NotNear,18,13
Stu_00534e69904177f44e6e707bdd26d217,all*NotNear*1/3,2,12
Stu_00534e69904177f44e6e707bdd26d217,all*NotNear*2/5,2,9
Stu_00534e69904177f44e6e707bdd26d217,all*NotNear*3/7,2,6
Stu_00534e69904177f44e6e707bdd26d217,all*NotNear*5/8,2,8
Stu_00534e69904177f44e6e707bdd26d217,all*NotNear*Click,6,10
Stu_00534e69904177f44e6e707bdd26d217,all*NotNear*Click*3/7,2,11
Stu_00534e69904177f44e6e707bdd26d217,all*NotNear*Click*NonUnitNotNear,14,13
Stu_00534e69904177f44e6e707bdd26d217,all*NotNear*Click*NonUnitNotNear*3/5,2,12
Stu_00534e69904177f44e6e707bdd26d217,all*NotNear*Click*NonUnitNotNear*7/10,2,7
Stu_0086d5c38943e82080c043fd88c53b86,all,6,17
Stu_0086d5c38943e82080c043fd88c53b86,all*NearBench,6,8
Stu_0086d5c38943e82080c043fd88c53b86,all*NearBench*1/10,2,5
Stu_0086d5c38943e82080c043fd88c53b86,all*NearBench*1/8,2,8
Stu_0086d5c38943e82080c043fd88c53b86,all*NearBench*5/6,2,6
Stu_0086d5c38943e82080c043fd88c53b86,all*NearBench*Click,4,4
Stu_0086d5c38943e82080c043fd88c53b86,all*NearBench*Click*1/10,2,3
Stu_0086d5c38943e82080c043fd88c53b86,all*NearBench*Click*9/10,2,3
Stu_0086d5c38943e82080c043fd88c53b86,all*NearBench*Click*NonUnitNearBench,4,3
Stu_0086d5c38943e82080c043fd88c53b86,all*NotNear,18,8
Stu_0086d5c38943e82080c043fd88c53b86,all*NotNear*1/3,2,4
Stu_0086d5c38943e82080c043fd88c53b86,all*NotNear*2/5,2,10
Stu_0086d5c38943e82080c043fd88c53b86,all*NotNear*3/7,2,7
Stu_0086d5c38943e82080c043fd88c53b86,all*NotNear*5/8,2,5
Stu_0086d5c38943e82080c043fd88c53b86,all*NotNear*Click,6,5
Stu_0086d5c38943e82080c043fd88c53b86,all*NotNear*Click*3/7,2,3
Stu_0086d5c38943e82080c043fd88c53b86,all*NotNear*Click*NonUnitNotNear,14,6
Stu_0086d5c38943e82080c043fd88c53b86,all*NotNear*Click*NonUnitNotNear*3/5,2,1
Stu_0086d5c38943e82080c043fd88c53b86,all*NotNear*Click*NonUnitNotNear*7/10,2,4
Stu_05f31b545d425701fb3908cb3ca1d86c,all,6,16
Stu_05f31b545d425701fb3908cb3ca1d86c,all*NearBench,6,8
Stu_05f31b545d425701fb3908cb3ca1d86c,all*NearBench*1/8,2,10
Stu_05f31b545d425701fb3908cb3ca1d86c,all*NearBench*5/6,2,10
Stu_05f31b545d425701fb3908cb3ca1d86c,all*NearBench*Click,3,9
Stu_05f31b545d425701fb3908cb3ca1d86c,all*NearBench*Click*1/10,3,8
Stu_05f31b545d425701fb3908cb3ca1d86c,all*NearBench*Click*9/10,2,8
Stu_05f31b545d425701fb3908cb3ca1d86c,all*NearBench*Click*NonUnitNearBench,5,11
Stu_05f31b545d425701fb3908cb3ca1d86c,all*NotNear,18,13
Stu_05f31b545d425701fb3908cb3ca1d86c,all*NotNear*1/3,2,8
Stu_05f31b545d425701fb3908cb3ca1d86c,all*NotNear*2/5,2,8
Stu_05f31b545d425701fb3908cb3ca1d86c,all*NotNear*3/7,2,6
Stu_05f31b545d425701fb3908cb3ca1d86c,all*NotNear*5/8,2,10
Stu_05f31b545d425701fb3908cb3ca1d86c,all*NotNear*Click,6,9
Stu_05f31b545d425701fb3908cb3ca1d86c,all*NotNear*Click*3/7,2,8
Stu_05f31b545d425701fb3908cb3ca1d86c,all*NotNear*Click*NonUnitNotNear,12,11
Stu_05f31b545d425701fb3908cb3ca1d86c,all*NotNear*Click*NonUnitNotNear*3/5,2,10
Stu_05f31b545d425701fb3908cb3ca1d86c,all*NotNear*Click*NonUnitNotNear*7/10,2,9
Stu_05f4b7f06c6ac832627c477fcc4253ab,all,6,17
Stu_05f4b7f06c6ac832627c477fcc4253ab,all*NearBench,6,10
Stu_05f4b7f06c6ac832627c477fcc4253ab,all*NearBench*1/10,2,2
Stu_05f4b7f06c6ac832627c477fcc4253ab,all*NearBench*1/8,2,6
Stu_05f4b7f06c6ac832627c477fcc4253ab,all*NearBench*Click,4,4
Stu_05f4b7f06c6ac832627c477fcc4253ab,all*NearBench*Click*1/10,2,3
Stu_05f4b7f06c6ac832627c477fcc4253ab,all*NearBench*Click*9/10,2,2
Stu_05f4b7f06c6ac832627c477fcc4253ab,all*NearBench*Click*NonUnitNearBench,4,5
Stu_05f4b7f06c6ac832627c477fcc4253ab,all*NotNear,18,10
Stu_05f4b7f06c6ac832627c477fcc4253ab,all*NotNear*1/3,2,8
Stu_05f4b7f06c6ac832627c477fcc4253ab,all*NotNear*2/5,2,4
Stu_05f4b7f06c6ac832627c477fcc4253ab,all*NotNear*3/7,2,8
Stu_05f4b7f06c6ac832627c477fcc4253ab,all*NotNear*Click,6,6
Stu_05f4b7f06c6ac832627c477fcc4253ab,all*NotNear*Click*3/7,2,3
Stu_05f4b7f06c6ac832627c477fcc4253ab,all*NotNear*Click*NonUnitNotNear,13,6
Stu_05f4b7f06c6ac832627c477fcc4253ab,all*NotNear*Click*NonUnitNotNear*3/5,2,5
Stu_05f4b7f06c6ac832627c477fcc4253ab,all*NotNear*Click*NonUnitNotNear*7/10,2,3
Stu_106405e1f4d9003ae04d0ec5061fee1c,all,5,10
Stu_106405e1f4d9003ae04d0ec5061fee1c,all*NearBench,5,10
Stu_106405e1f4d9003ae04d0ec5061fee1c,all*NearBench*1/10,2,9
Stu_106405e1f4d9003ae04d0ec5061fee1c,all*NearBench*1/8,2,4
Stu_106405e1f4d9003ae04d0ec5061fee1c,all*NearBench*5/6,2,9
Stu_106405e1f4d9003ae04d0ec5061fee1c,all*NearBench*Click,3,6
Stu_106405e1f4d9003ae04d0ec5061fee1c,all*NearBench*Click*1/10,2,8
Stu_106405e1f4d9003ae04d0ec5061fee1c,all*NearBench*Click*NonUnitNearBench,5,9
Stu_106405e1f4d9003ae04d0ec5061fee1c,all*NotNear,18,11
Stu_106405e1f4d9003ae04d0ec5061fee1c,all*NotNear*1/3,2,11
Stu_106405e1f4d9003ae04d0ec5061fee1c,all*NotNear*2/5,2,6
Stu_106405e1f4d9003ae04d0ec5061fee1c,all*NotNear*3/7,2,11
Stu_106405e1f4d9003ae04d0ec5061fee1c,all*NotNear*5/8,2,7
Stu_106405e1f4d9003ae04d0ec5061fee1c,all*NotNear*Click,7,8
Stu_106405e1f4d9003ae04d0ec5061fee1c,all*NotNear*Click*3/7,2,9
Stu_106405e1f4d9003ae04d0ec5061fee1c,all*NotNear*Click*NonUnitNotNear,15,10
Stu_106405e1f4d9003ae04d0ec5061fee1c,all*NotNear*Click*NonUnitNotNear*3/5,2,7
Stu_106405e1f4d9003ae04d0ec5061fee1c,all*NotNear*Click*NonUnitNotNear*7/10,2,8
Stu_125cd9d53269afde9eb4ca58e6cf319d,all,6,20
Stu_125cd9d53269afde9eb4ca58e6cf319d,all*NearBench,6,10
Stu_125cd9d53269afde9eb4ca58e6cf319d,all*NearBench*1/10,2,10
Stu_125cd9d53269afde9eb4ca58e6cf319d,all*NearBench*1/8,2,13
Stu_125cd9d53269afde9eb4ca58e6cf319d,all*NearBench*5/6,2,10
Stu_125cd9d53269afde9eb4ca58e6cf319d,all*NearBench*Click,4,11
Stu_125cd9d53269afde9eb4ca58e6cf319d,all*NearBench*Click*1/10,2,10
Stu_125cd9d53269afde9eb4ca58e6cf319d,all*NearBench*Click*9/10,2,8
Stu_125cd9d53269afde9eb4ca58e6cf319d,all*NearBench*Click*NonUnitNearBench,4,11
Stu_125cd9d53269afde9eb4ca58e6cf319d,all*NotNear,18,13
Stu_125cd9d53269afde9eb4ca58e6cf319d,all*NotNear*1/3,2,9
Stu_125cd9d53269afde9eb4ca58e6cf319d,all*NotNear*2/5,2,14
Stu_125cd9d53269afde9eb4ca58e6cf319d,all*NotNear*3/7,2,9
Stu_125cd9d53269afde9eb4ca58e6cf319d,all*NotNear*5/8,2,7
Stu_125cd9d53269afde9eb4ca58e6cf319d,all*NotNear*Click,6,13
Stu_125cd9d53269afde9eb4ca58e6cf319d,all*NotNear*Click*3/7,2,11
Stu_125cd9d53269afde9eb4ca58e6cf319d,all*NotNear*Click*NonUnitNotNear,14,12
Stu_125cd9d53269afde9eb4ca58e6cf319d,all*NotNear*Click*NonUnitNotNear*3/5,2,6
Stu_125cd9d53269afde9eb4ca58e6cf319d,all*NotNear*Click*NonUnitNotNear*7/10,2,14
Stu_13c40c5dae8a3f2b2194f37067e9fed6,all,7,15
Stu_13c40c5dae8a3f2b2194f37067e9fed6,all*9,2,1
Stu_13c40c5dae8a3f2b2194f37067e9fed6,all*NearBench,7,9
Stu_13c40c5dae8a3f2b2194f37067e9fed6,all*NearBench*1/10,2,10
Stu_13c40c5dae8a3f2b2194f37067e9fed6,all*NearBench*5/6,2,9
Stu_13c40c5dae8a3f2b2194f37067e9fed6,all*NearBench*Click,5,10
Stu_13c40c5dae8a3f2b2194f37067e9fed6,all*NearBench*Click*1/10,2,8
Stu_13c40c5dae8a3f2b2194f37067e9fed6,all*NearBench*Click*NonUnitNearBench,4,9
Stu_13c40c5dae8a3f2b2194f37067e9fed6,all*NotNear,17,12
Stu_13c40c5dae8a3f2b2194f37067e9fed6,all*NotNear*1/3,2,7
Stu_13c40c5dae8a3f2b2194f37067e9fed6,all*NotNear*2/5,2,10
Stu_13c40c5dae8a3f2b2194f37067e9fed6,all*NotNear*3/7,2,11
Stu_13c40c5dae8a3f2b2194f37067e9fed6,all*NotNear*5/8,2,5
Stu_13c40c5dae8a3f2b2194f37067e9fed6,all*NotNear*Click,6,11
Stu_13c40c5dae8a3f2b2194f37067e9fed6,all*NotNear*Click*3/7,2,9
Stu_13c40c5dae8a3f2b2194f37067e9fed6,all*NotNear*Click*NonUnitNotNear,14,11
Stu_13c40c5dae8a3f2b2194f37067e9fed6,all*NotNear*Click*NonUnitNotNear*3/5,2,8
Stu_13c40c5dae8a3f2b2194f37067e9fed6,all*NotNear*Click*NonUnitNotNear*7/10,3,10
Stu_184ef48cf44753fd4c78b03d79a3ec4b,all,6,17
Stu_184ef48cf44753fd4c78b03d79a3ec4b,all*NearBench,6,11
Stu_184ef48cf44753fd4c78b03d79a3ec4b,all*NearBench*1/10,2,5
Stu_184ef48cf44753fd4c78b03d79a3ec4b,all*NearBench*1/8,2,12
Stu_184ef48cf44753fd4c78b03d79a3ec4b,all*NearBench*5/6,2,8
Stu_184ef48cf44753fd4c78b03d79a3ec4b,all*NearBench*Click,4,8
Stu_184ef48cf44753fd4c78b03d79a3ec4b,all*NearBench*Click*1/10,2,8
Stu_184ef48cf44753fd4c78b03d79a3ec4b,all*NearBench*Click*9/10,2,9
Stu_184ef48cf44753fd4c78b03d79a3ec4b,all*NearBench*Click*NonUnitNearBench,4,11
Stu_184ef48cf44753fd4c78b03d79a3ec4b,all*NotNear,18,11
Stu_184ef48cf44753fd4c78b03d79a3ec4b,all*NotNear*1/3,2,9
Stu_184ef48cf44753fd4c78b03d79a3ec4b,all*NotNear*2/5,2,10
Stu_184ef48cf44753fd4c78b03d79a3ec4b,all*NotNear*3/7,2,9
Stu_184ef48cf44753fd4c78b03d79a3ec4b,all*NotNear*5/8,2,8
Stu_184ef48cf44753fd4c78b03d79a3ec4b,all*NotNear*Click,6,8
Stu_184ef48cf44753fd4c78b03d79a3ec4b,all*NotNear*Click*3/7,2,6
Stu_184ef48cf44753fd4c78b03d79a3ec4b,all*NotNear*Click*NonUnitNotNear,14,11
Stu_184ef48cf44753fd4c78b03d79a3ec4b,all*NotNear*Click*NonUnitNotNear*3/5,2,8
Stu_184ef48cf44753fd4c78b03d79a3ec4b,all*NotNear*Click*NonUnitNotNear*7/10,2,7
Stu_18fe882739786192a42b0524659764c2,all,5,12
Stu_18fe882739786192a42b0524659764c2,all*NearBench,6,12
Stu_18fe882739786192a42b0524659764c2,all*NearBench*1/10,2,12
Stu_18fe882739786192a42b0524659764c2,all*NearBench*1/8,2,5
Stu_18fe882739786192a42b0524659764c2,all*NearBench*5/6,2,6
Stu_18fe882739786192a42b0524659764c2,all*NearBench*Click,4,10
Stu_18fe882739786192a42b0524659764c2,all*NearBench*Click*1/10,2,9
Stu_18fe882739786192a42b0524659764c2,all*NearBench*Click*9/10,2,10
Stu_18fe882739786192a42b0524659764c2,all*NearBench*Click*NonUnitNearBench,4,10
Stu_18fe882739786192a42b0524659764c2,all*NotNear,17,12
Stu_18fe882739786192a42b0524659764c2,all*NotNear*1/3,2,5
Stu_18fe882739786192a42b0524659764c2,all*NotNear*2/5,3,12
Stu_18fe882739786192a42b0524659764c2,all*NotNear*3/7,2,6
Stu_18fe882739786192a42b0524659764c2,all*NotNear*5/8,2,8
Stu_18fe882739786192a42b0524659764c2,all*NotNear*Click,8,11
Stu_18fe882739786192a42b0524659764c2,all*NotNear*Click*3/7,2,9
Stu_18fe882739786192a42b0524659764c2,all*NotNear*Click*NonUnitNotNear,13,11
Stu_18fe882739786192a42b0524659764c2,all*NotNear*Click*NonUnitNotNear*7/10,2,11
Stu_1b743d8b62727a340dce1270c57e6d26,all,6,17
Stu_1b743d8b62727a340dce1270c57e6d26,all*NearBench,6,13
Stu_1b743d8b62727a340dce1270c57e6d26,all*NearBench*1/10,2,7
Stu_1b743d8b62727a340dce1270c57e6d26,all*NearBench*1/8,2,9
Stu_1b743d8b62727a340dce1270c57e6d26,all*NearBench*5/6,2,6
Stu_1b743d8b62727a340dce1270c57e6d26,all*NearBench*Click,3,8
Stu_1b743d8b62727a340dce1270c57e6d26,all*NearBench*Click*1/10,2,7
Stu_1b743d8b62727a340dce1270c57e6d26,all*NearBench*Click*9/10,2,8
Stu_1b743d8b62727a340dce1270c57e6d26,all*NearBench*Click*NonUnitNearBench,5,10
Stu_1b743d8b62727a340dce1270c57e6d26,all*NotNear,17,11
Stu_1b743d8b62727a340dce1270c57e6d26,all*NotNear*1/3,2,8
Stu_1b743d8b62727a340dce1270c57e6d26,all*NotNear*2/5,2,9
Stu_1b743d8b62727a340dce1270c57e6d26,all*NotNear*3/7,2,6
Stu_1b743d8b62727a340dce1270c57e6d26,all*NotNear*5/8,2,6
Stu_1b743d8b62727a340dce1270c57e6d26,all*NotNear*Click,4,7
Stu_1b743d8b62727a340dce1270c57e6d26,all*NotNear*Click*3/7,2,7
Stu_1b743d8b62727a340dce1270c57e6d26,all*NotNear*Click*NonUnitNotNear,14,10
Stu_1b743d8b62727a340dce1270c57e6d26,all*NotNear*Click*NonUnitNotNear*3/5,4,8
Stu_1b743d8b62727a340dce1270c57e6d26,all*NotNear*Click*NonUnitNotNear*7/10,2,8
Stu_1c7f3789c0c6c0f2d1ddfb126524428d,all,6,14
Stu_1c7f3789c0c6c0f2d1ddfb126524428d,all*NearBench,6,8
Stu_1c7f3789c0c6c0f2d1ddfb126524428d,all*NearBench*1/8,2,5
Stu_1c7f3789c0c6c0f2d1ddfb126524428d,all*NearBench*5/6,2,7
Stu_1c7f3789c0c6c0f2d1ddfb126524428d,all*NearBench*Click,4,4
Stu_1c7f3789c0c6c0f2d1ddfb126524428d,all*NearBench*Click*1/10,2,4
Stu_1c7f3789c0c6c0f2d1ddfb126524428d,all*NearBench*Click*9/10,2,3
Stu_1c7f3789c0c6c0f2d1ddfb126524428d,all*NearBench*Click*NonUnitNearBench,4,5
Stu_1c7f3789c0c6c0f2d1ddfb126524428d,all*NotNear,16,7
Stu_1c7f3789c0c6c0f2d1ddfb126524428d,all*NotNear*1/3,2,4
Stu_1c7f3789c0c6c0f2d1ddfb126524428d,all*NotNear*2/5,3,7
Stu_1c7f3789c0c6c0f2d1ddfb126524428d,all*NotNear*3/7,2,4
Stu_1c7f3789c0c6c0f2d1ddfb126524428d,all*NotNear*5/8,2,5
Stu_1c7f3789c0c6c0f2d1ddfb126524428d,all*NotNear*Click,7,4
Stu_1c7f3789c0c6c0f2d1ddfb126524428d,all*NotNear*Click*3/7,2,3
Stu_1c7f3789c0c6c0f2d1ddfb126524428d,all*NotNear*Click*NonUnitNotNear,13,6
Stu_1c7f3789c0c6c0f2d1ddfb126524428d,all*NotNear*Click*NonUnitNotNear*3/5,2,3
Stu_1c7f3789c0c6c0f2d1ddfb126524428d,all*NotNear*Click*NonUnitNotNear*7/10,2,5
Stu_24c62ee8c2a286f7732eaa866adccd8a,all,6,15
Stu_24c62ee8c2a286f7732eaa866adccd8a,all*NearBench,6,7
Stu_24c62ee8c2a286f7732eaa866adccd8a,all*NearBench*1/10,2,6
Stu_24c62ee8c2a286f7732eaa866adccd8a,all*NearBench*1/8,2,5
Stu_24c62ee8c2a286f7732eaa866adccd8a,all*NearBench*5/6,2,5
Stu_24c62ee8c2a286f7732eaa866adccd8a,all*NearBench*Click,4,5
Stu_24c62ee8c2a286f7732eaa866adccd8a,all*NearBench*Click*1/10,2,3
Stu_24c62ee8c2a286f7732eaa866adccd8a,all*NearBench*Click*9/10,2,5
Stu_24c62ee8c2a286f7732eaa866adccd8a,all*NearBench*Click*NonUnitNearBench,4,3
Stu_24c62ee8c2a286f7732eaa866adccd8a,all*NotNear,18,10
Stu_24c62ee8c2a286f7732eaa866adccd8a,all*NotNear*1/3,2,6
Stu_24c62ee8c2a286f7732eaa866adccd8a,all*NotNear*2/5,2,4
Stu_24c62ee8c2a286f7732eaa866adccd8a,all*NotNear*3/7,2,4
Stu_24c62ee8c2a286f7732eaa866adccd8a,all*NotNear*5/8,2,3
Stu_24c62ee8c2a286f7732eaa866adccd8a,all*NotNear*Click,6,5
Stu_24c62ee8c2a286f7732eaa866adccd8a,all*NotNear*Click*3/7,2,5
Stu_24c62ee8c2a286f7732eaa866adccd8a,all*NotNear*Click*NonUnitNotNear,14,6
Stu_24c62ee8c2a286f7732eaa866adccd8a,all*NotNear*Click*NonUnitNotNear*3/5,2,2
Stu_24c62ee8c2a286f7732eaa866adccd8a,all*NotNear*Click*NonUnitNotNear*7/10,2,4
Stu_2802ccb85365fc667255ea160663ea8a,all,6,16
Stu_2802ccb85365fc667255ea160663ea8a,all*NearBench,6,10
Stu_2802ccb85365fc667255ea160663ea8a,all*NearBench*1/10,2,6
Stu_2802ccb85365fc667255ea160663ea8a,all*NearBench*5/6,2,9
Stu_2802ccb85365fc667255ea160663ea8a,all*NearBench*Click,4,8
Stu_2802ccb85365fc667255ea160663ea8a,all*NearBench*Click*1/10,2,7
Stu_2802ccb85365fc667255ea160663ea8a,all*NearBench*Click*9/10,2,8
Stu_2802ccb85365fc667255ea160663ea8a,all*NearBench*Click*NonUnitNearBench,3,8
Stu_2802ccb85365fc667255ea160663ea8a,all*NotNear,19,11
Stu_2802ccb85365fc667255ea160663ea8a,all*NotNear*1/3,2,10
Stu_2802ccb85365fc667255ea160663ea8a,all*NotNear*2/5,2,7
Stu_2802ccb85365fc667255ea160663ea8a,all*NotNear*3/7,2,6
Stu_2802ccb85365fc667255ea160663ea8a,all*NotNear*Click,6,8
Stu_2802ccb85365fc667255ea160663ea8a,all*NotNear*Click*3/7,2,8
Stu_2802ccb85365fc667255ea160663ea8a,all*NotNear*Click*NonUnitNotNear,14,10
Stu_2802ccb85365fc667255ea160663ea8a,all*NotNear*Click*NonUnitNotNear*3/5,2,9
Stu_2802ccb85365fc667255ea160663ea8a,all*NotNear*Click*NonUnitNotNear*7/10,2,6
Stu_2943e579bd637549ed29b023400fd5ad,all,5,13
Stu_2943e579bd637549ed29b023400fd5ad,all*NearBench,7,7
Stu_2943e579bd637549ed29b023400fd5ad,all*NearBench*1/10,2,6
Stu_2943e579bd637549ed29b023400fd5ad,all*NearBench*1/8,2,6
Stu_2943e579bd637549ed29b023400fd5ad,all*NearBench*5/6,2,6
Stu_2943e579bd637549ed29b023400fd5ad,all*NearBench*Click,3,5
Stu_2943e579bd637549ed29b023400fd5ad,all*NearBench*Click*1/10,2,4
Stu_2943e579bd637549ed29b023400fd5ad,all*NearBench*Click*9/10,2,2
Stu_2943e579bd637549ed29b023400fd5ad,all*NearBench*Click*NonUnitNearBench,4,5
Stu_2943e579bd637549ed29b023400fd5ad,all*NotNear,17,10
Stu_2943e579bd637549ed29b023400fd5ad,all*NotNear*1/3,2,7
Stu_2943e579bd637549ed29b023400fd5ad,all*NotNear*2/5,2,7
Stu_2943e579bd637549ed29b023400fd5ad,all*NotNear*3/7,2,4
Stu_2943e579bd637549ed29b023400fd5ad,all*NotNear*5/8,2,5
Stu_2943e579bd637549ed29b023400fd5ad,all*NotNear*Click,6,4
Stu_2943e579bd637549ed29b023400fd5ad,all*NotNear*Click*3/7,2,3
Stu_2943e579bd637549ed29b023400fd5ad,all*NotNear*Click*NonUnitNotNear,14,6
Stu_2943e579bd637549ed29b023400fd5ad,all*NotNear*Click*NonUnitNotNear*3/5,2,3
Stu_2943e579bd637549ed29b023400fd5ad,all*NotNear*Click*NonUnitNotNear*7/10,2,2
Stu_3bff794f2939632d98c7921298fd7f26,all,6,16
Stu_3bff794f2939632d98c7921298fd7f26,all*NearBench,6,12
Stu_3bff794f2939632d98c7921298fd7f26,all*NearBench*1/10,2,8
Stu_3bff794f2939632d98c7921298fd7f26,all*NearBench*1/8,2,8
Stu_3bff794f2939632d98c7921298fd7f26,all*NearBench*5/6,2,14
Stu_3bff794f2939632d98c7921298fd7f26,all*NearBench*Click,4,11
Stu_3bff794f2939632d98c7921298fd7f26,all*NearBench*Click*1/10,2,9
Stu_3bff794f2939632d98c7921298fd7f26,all*NearBench*Click*9/10,2,8
Stu_3bff794f2939632d98c7921298fd7f26,all*NearBench*Click*NonUnitNearBench,4,10
Stu_3bff794f2939632d98c7921298fd7f26,all*NotNear,18,13
Stu_3bff794f2939632d98c7921298fd7f26,all*NotNear*1/3,2,8
Stu_3bff794f2939632d98c7921298fd7f26,all*NotNear*2/5,2,7
Stu_3bff794f2939632d98c7921298fd7f26,all*NotNear*3/7,2,7
Stu_3bff794f2939632d98c7921298fd7f26,all*NotNear*5/8,2,7
Stu_3bff794f2939632d98c7921298fd7f26,all*NotNear*Click,6,11
Stu_3bff794f2939632d98c7921298fd7f26,all*NotNear*Click*3/7,2,10
Stu_3bff794f2939632d98c7921298fd7f26,all*NotNear*Click*NonUnitNotNear,14,12
Stu_3bff794f2939632d98c7921298fd7f26,all*NotNear*Click*NonUnitNotNear*3/5,2,8
Stu_3bff794f2939632d98c7921298fd7f26,all*NotNear*Click*NonUnitNotNear*7/10,2,10
Stu_3bff794f2939632d98c7921298fd7f26,all*Whole-numC,3,1
Stu_57d623858f1aa17ee33b8928bb54a5c6,all,6,14
Stu_57d623858f1aa17ee33b8928bb54a5c6,all*NearBench,6,9
Stu_57d623858f1aa17ee33b8928bb54a5c6,all*NearBench*1/10,2,7
Stu_57d623858f1aa17ee33b8928bb54a5c6,all*NearBench*1/8,2,8
Stu_57d623858f1aa17ee33b8928bb54a5c6,all*NearBench*5/6,2,5
Stu_57d623858f1aa17ee33b8928bb54a5c6,all*NearBench*Click,4,11
Stu_57d623858f1aa17ee33b8928bb54a5c6,all*NearBench*Click*1/10,2,6
Stu_57d623858f1aa17ee33b8928bb54a5c6,all*NearBench*Click*9/10,2,6
Stu_57d623858f1aa17ee33b8928bb54a5c6,all*NearBench*Click*NonUnitNearBench,4,11
Stu_57d623858f1aa17ee33b8928bb54a5c6,all*NotNear,18,10
Stu_57d623858f1aa17ee33b8928bb54a5c6,all*NotNear*1/3,2,10
Stu_57d623858f1aa17ee33b8928bb54a5c6,all*NotNear*2/5,2,8
Stu_57d623858f1aa17ee33b8928bb54a5c6,all*NotNear*3/7,2,7
Stu_57d623858f1aa17ee33b8928bb54a5c6,all*NotNear*5/8,2,8
Stu_57d623858f1aa17ee33b8928bb54a5c6,all*NotNear*Click,6,9
Stu_57d623858f1aa17ee33b8928bb54a5c6,all*NotNear*Click*3/7,2,8
Stu_57d623858f1aa17ee33b8928bb54a5c6,all*NotNear*Click*NonUnitNotNear,14,12
Stu_57d623858f1aa17ee33b8928bb54a5c6,all*NotNear*Click*NonUnitNotNear*3/5,2,6
Stu_57d623858f1aa17ee33b8928bb54a5c6,all*NotNear*Click*NonUnitNotNear*7/10,2,8
Stu_5d034340653ebc454761d5a610461767,all,6,13
Stu_5d034340653ebc454761d5a610461767,all*NearBench,6,8
Stu_5d034340653ebc454761d5a610461767,all*NearBench*1/10,2,8
Stu_5d034340653ebc454761d5a610461767,all*NearBench*1/8,2,8
Stu_5d034340653ebc454761d5a610461767,all*NearBench*Click,3,9
Stu_5d034340653ebc454761d5a610461767,all*NearBench*Click*1/10,2,9
Stu_5d034340653ebc454761d5a610461767,all*NearBench*Click*NonUnitNearBench,5,9
Stu_5d034340653ebc454761d5a610461767,all*NotNear,18,11
Stu_5d034340653ebc454761d5a610461767,all*NotNear*1/3,2,7
Stu_5d034340653ebc454761d5a610461767,all*NotNear*2/5,2,10
Stu_5d034340653ebc454761d5a610461767,all*NotNear*3/7,2,7
Stu_5d034340653ebc454761d5a610461767,all*NotNear*5/8,2,8
Stu_5d034340653ebc454761d5a610461767,all*NotNear*Click,6,9
Stu_5d034340653ebc454761d5a610461767,all*NotNear*Click*3/7,2,9
Stu_5d034340653ebc454761d5a610461767,all*NotNear*Click*NonUnitNotNear,14,10
Stu_5d034340653ebc454761d5a610461767,all*NotNear*Click*NonUnitNotNear*3/5,3,8
Stu_5d034340653ebc454761d5a610461767,all*NotNear*Click*NonUnitNotNear*7/10,2,5
Stu_5e5d027e19bd1284cb74bee955dc46d4,all,5,11
Stu_5e5d027e19bd1284cb74bee955dc46d4,all*NearBench,6,11
Stu_5e5d027e19bd1284cb74bee955dc46d4,all*NearBench*1/10,2,7
Stu_5e5d027e19bd1284cb74bee955dc46d4,all*NearBench*1/8,2,5
Stu_5e5d027e19bd1284cb74bee955dc46d4,all*NearBench*5/6,2,10
Stu_5e5d027e19bd1284cb74bee955dc46d4,all*NearBench*Click,4,9
Stu_5e5d027e19bd1284cb74bee955dc46d4,all*NearBench*Click*1/10,3,9
Stu_5e5d027e19bd1284cb74bee955dc46d4,all*NearBench*Click*9/10,2,9
Stu_5e5d027e19bd1284cb74bee955dc46d4,all*NearBench*Click*NonUnitNearBench,4,9
Stu_5e5d027e19bd1284cb74bee955dc46d4,all*NotNear,16,11
Stu_5e5d027e19bd1284cb74bee955dc46d4,all*NotNear*1/3,2,6
Stu_5e5d027e19bd1284cb74bee955dc46d4,all*NotNear*2/5,2,9
Stu_5e5d027e19bd1284cb74bee955dc46d4,all*NotNear*3/7,3,8
Stu_5e5d027e19bd1284cb74bee955dc46d4,all*NotNear*5/8,2,6
Stu_5e5d027e19bd1284cb74bee955dc46d4,all*NotNear*Click,7,8
Stu_5e5d027e19bd1284cb74bee955dc46d4,all*NotNear*Click*NonUnitNotNear,13,10
Stu_5e5d027e19bd1284cb74bee955dc46d4,all*NotNear*Click*NonUnitNotNear*3/5,2,7
Stu_5e5d027e19bd1284cb74bee955dc46d4,all*NotNear*Click*NonUnitNotNear*7/10,2,6
Stu_68510492264f47d715ea700cf29e21d0,all,6,18
Stu_68510492264f47d715ea700cf29e21d0,all*NearBench,6,8
Stu_68510492264f47d715ea700cf29e21d0,all*NearBench*1/10,2,4
Stu_68510492264f47d715ea700cf29e21d0,all*NearBench*1/8,2,3
Stu_68510492264f47d715ea700cf29e21d0,all*NearBench*5/6,2,2
Stu_68510492264f47d715ea700cf29e21d0,all*NearBench*Click,3,6
Stu_68510492264f47d715ea700cf29e21d0,all*NearBench*Click*1/10,2,3
Stu_68510492264f47d715ea700cf29e21d0,all*NearBench*Click*9/10,3,5
Stu_68510492264f47d715ea700cf29e21d0,all*NearBench*Click*NonUnitNearBench,2,2
Stu_68510492264f47d715ea700cf29e21d0,all*NotNear,18,9
Stu_68510492264f47d715ea700cf29e21d0,all*NotNear*1/3,2,11
Stu_68510492264f47d715ea700cf29e21d0,all*NotNear*2/5,2,8
Stu_68510492264f47d715ea700cf29e21d0,all*NotNear*3/7,2,3
Stu_68510492264f47d715ea700cf29e21d0,all*NotNear*5/8,2,6
Stu_68510492264f47d715ea700cf29e21d0,all*NotNear*Click,6,4
Stu_68510492264f47d715ea700cf29e21d0,all*NotNear*Click*3/7,2,2
Stu_68510492264f47d715ea700cf29e21d0,all*NotNear*Click*NonUnitNotNear,15,6
Stu_68510492264f47d715ea700cf29e21d0,all*NotNear*Click*NonUnitNotNear*3/5,2,3
Stu_68510492264f47d715ea700cf29e21d0,all*NotNear*Click*NonUnitNotNear*7/10,2,4
Stu_6f012bd88b0bce7f6d6d5367b03e7089,all,6,18
Stu_6f012bd88b0bce7f6d6d5367b03e7089,all*NearBench,6,7
Stu_6f012bd88b0bce7f6d6d5367b03e7089,all*NearBench*1/10,2,6
Stu_6f012bd88b0bce7f6d6d5367b03e7089,all*NearBench*1/8,2,2
Stu_6f012bd88b0bce7f6d6d5367b03e7089,all*NearBench*5/6,2,3
Stu_6f012bd88b0bce7f6d6d5367b03e7089,all*NearBench*Click,3,4
Stu_6f012bd88b0bce7f6d6d5367b03e7089,all*NearBench*Click*1/10,3,1
Stu_6f012bd88b0bce7f6d6d5367b03e7089,all*NearBench*Click*9/10,2,4
Stu_6f012bd88b0bce7f6d6d5367b03e7089,all*NearBench*Click*NonUnitNearBench,3,3
Stu_6f012bd88b0bce7f6d6d5367b03e7089,all*NotNear,19,10
Stu_6f012bd88b0bce7f6d6d5367b03e7089,all*NotNear*2/5,2,5
Stu_6f012bd88b0bce7f6d6d5367b03e7089,all*NotNear*3/7,2,7
Stu_6f012bd88b0bce7f6d6d5367b03e7089,all*NotNear*5/8,2,6
Stu_6f012bd88b0bce7f6d6d5367b03e7089,all*NotNear*Click,8,6
Stu_6f012bd88b0bce7f6d6d5367b03e7089,all*NotNear*Click*3/7,2,3
Stu_6f012bd88b0bce7f6d6d5367b03e7089,all*NotNear*Click*NonUnitNotNear,13,5
Stu_6f012bd88b0bce7f6d6d5367b03e7089,all*NotNear*Click*NonUnitNotNear*3/5,2,4
Stu_6f012bd88b0bce7f6d6d5367b03e7089,all*NotNear*Click*NonUnitNotNear*7/10,2,2
Stu_753d9feaea3ffaf36e32f0c2f74ca41b,all,5,12
Stu_753d9feaea3ffaf36e32f0c2f74ca41b,all*NearBench,6,13
Stu_753d9feaea3ffaf36e32f0c2f74ca41b,all*NearBench*1/10,2,12
Stu_753d9feaea3ffaf36e32f0c2f74ca41b,all*NearBench*1/8,2,6
Stu_753d9feaea3ffaf36e32f0c2f74ca41b,all*NearBench*5/6,2,9
Stu_753d9feaea3ffaf36e32f0c2f74ca41b,all*NearBench*Click,4,10
Stu_753d9feaea3ffaf36e32f0c2f74ca41b,all*NearBench*Click*1/10,2,12
Stu_753d9feaea3ffaf36e32f0c2f74ca41b,all*NearBench*Click*9/10,2,11
Stu_753d9feaea3ffaf36e32f0c2f74ca41b,all*NearBench*Click*NonUnitNearBench,4,10
Stu_753d9feaea3ffaf36e32f0c2f74ca41b,all*NotNear,20,14
Stu_753d9feaea3ffaf36e32f0c2f74ca41b,all*NotNear*3/7,2,10
Stu_753d9feaea3ffaf36e32f0c2f74ca41b,all*NotNear*5/8,2,9
Stu_753d9feaea3ffaf36e32f0c2f74ca41b,all*NotNear*Click,6,12
Stu_753d9feaea3ffaf36e32f0c2f74ca41b,all*NotNear*Click*3/7,2,9
Stu_753d9feaea3ffaf36e32f0c2f74ca41b,all*NotNear*Click*NonUnitNotNear,14,11
Stu_753d9feaea3ffaf36e32f0c2f74ca41b,all*NotNear*Click*NonUnitNotNear*7/10,2,12
Stu_783998ff400622a27feba34616756b04,all,6,18
Stu_783998ff400622a27feba34616756b04,all*NearBench,6,6
Stu_783998ff400622a27feba34616756b04,all*NearBench*1/10,2,5
Stu_783998ff400622a27feba34616756b04,all*NearBench*1/8,2,2
Stu_783998ff400622a27feba34616756b04,all*NearBench*5/6,2,7
Stu_783998ff400622a27feba34616756b04,all*NearBench*Click,4,6
Stu_783998ff400622a27feba34616756b04,all*NearBench*Click*1/10,2,4
Stu_783998ff400622a27feba34616756b04,all*NearBench*Click*9/10,2,2
Stu_783998ff400622a27feba34616756b04,all*NearBench*Click*NonUnitNearBench,4,4
Stu_783998ff400622a27feba34616756b04,all*NotNear,18,10
Stu_783998ff400622a27feba34616756b04,all*NotNear*1/3,2,5
Stu_783998ff400622a27feba34616756b04,all*NotNear*2/5,2,3
Stu_783998ff400622a27feba34616756b04,all*NotNear*3/7,2,5
Stu_783998ff400622a27feba34616756b04,all*NotNear*5/8,2,4
Stu_783998ff400622a27feba34616756b04,all*NotNear*Click,6,6
Stu_783998ff400622a27feba34616756b04,all*NotNear*Click*3/7,2,3
Stu_783998ff400622a27feba34616756b04,all*NotNear*Click*NonUnitNotNear,14,6
Stu_783998ff400622a27feba34616756b04,all*NotNear*Click*NonUnitNotNear*3/5,2,2
Stu_783998ff400622a27feba34616756b04,all*NotNear*Click*NonUnitNotNear*7/10,2,5
Stu_78c92bb83c862bb8481e880386e79d61,all,6,16
Stu_78c92bb83c862bb8481e880386e79d61,all*NearBench,6,7
Stu_78c92bb83c862bb8481e880386e79d61,all*NearBench*1/10,2,3
Stu_78c92bb83c862bb8481e880386e79d61,all*NearBench*5/6,2,7
Stu_78c92bb83c862bb8481e880386e79d61,all*NearBench*Click,4,5
Stu_78c92bb83c862bb8481e880386e79d61,all*NearBench*Click*1/10,2,2
Stu_78c92bb83c862bb8481e880386e79d61,all*NearBench*Click*9/10,2,2
Stu_78c92bb83c862bb8481e880386e79d61,all*NearBench*Click*NonUnitNearBench,4,5
Stu_78c92bb83c862bb8481e880386e79d61,all*NotNear,18,8
Stu_78c92bb83c862bb8481e880386e79d61,all*NotNear*1/3,2,6
Stu_78c92bb83c862bb8481e880386e79d61,all*NotNear*2/5,2,5
Stu_78c92bb83c862bb8481e880386e79d61,all*NotNear*3/7,2,2
Stu_78c92bb83c862bb8481e880386e79d61,all*NotNear*5/8,2,5
Stu_78c92bb83c862bb8481e880386e79d61,all*NotNear*Click,6,5
Stu_78c92bb83c862bb8481e880386e79d61,all*NotNear*Click*3/7,2,2
Stu_78c92bb83c862bb8481e880386e79d61,all*NotNear*Click*NonUnitNotNear,14,5
Stu_78c92bb83c862bb8481e880386e79d61,all*NotNear*Click*NonUnitNotNear*3/5,2,5
Stu_78c92bb83c862bb8481e880386e79d61,all*NotNear*Click*NonUnitNotNear*7/10,2,5
Stu_7aeeea65c67d75ade3e8a91d571c2385,all,6,16
Stu_7aeeea65c67d75ade3e8a91d571c2385,all*NearBench,6,7
Stu_7aeeea65c67d75ade3e8a91d571c2385,all*NearBench*1/10,2,1
Stu_7aeeea65c67d75ade3e8a91d571c2385,all*NearBench*1/8,2,5
Stu_7aeeea65c67d75ade3e8a91d571c2385,all*NearBench*Click,4,6
Stu_7aeeea65c67d75ade3e8a91d571c2385,all*NearBench*Click*1/10,2,4
Stu_7aeeea65c67d75ade3e8a91d571c2385,all*NearBench*Click*9/10,2,5
Stu_7aeeea65c67d75ade3e8a91d571c2385,all*NearBench*Click*NonUnitNearBench,4,4
Stu_7aeeea65c67d75ade3e8a91d571c2385,all*NotNear,17,11
Stu_7aeeea65c67d75ade3e8a91d571c2385,all*NotNear*1/3,2,8
Stu_7aeeea65c67d75ade3e8a91d571c2385,all*NotNear*2/5,2,2
Stu_7aeeea65c67d75ade3e8a91d571c2385,all*NotNear*3/7,2,7
Stu_7aeeea65c67d75ade3e8a91d571c2385,all*NotNear*5/8,2,5
Stu_7aeeea65c67d75ade3e8a91d571c2385,all*NotNear*Click,5,3
Stu_7aeeea65c67d75ade3e8a91d571c2385,all*NotNear*Click*3/7,2,3
Stu_7aeeea65c67d75ade3e8a91d571c2385,all*NotNear*Click*NonUnitNotNear,14,6
Stu_7aeeea65c67d75ade3e8a91d571c2385,all*NotNear*Click*NonUnitNotNear*3/5,2,2
Stu_7aeeea65c67d75ade3e8a91d571c2385,all*NotNear*Click*NonUnitNotNear*7/10,2,3
Stu_7b3e93242e4650597ea6ead66d47d4bf,all,5,17
Stu_7b3e93242e4650597ea6ead66d47d4bf,all*NearBench,6,8
Stu_7b3e93242e4650597ea6ead66d47d4bf,all*NearBench*1/10,2,3
Stu_7b3e93242e4650597ea6ead66d47d4bf,all*NearBench*1/8,2,6
Stu_7b3e93242e4650597ea6ead66d47d4bf,all*NearBench*5/6,2,5
Stu_7b3e93242e4650597ea6ead66d47d4bf,all*NearBench*Click,4,4
Stu_7b3e93242e4650597ea6ead66d47d4bf,all*NearBench*Click*1/10,2,2
Stu_7b3e93242e4650597ea6ead66d47d4bf,all*NearBench*Click*9/10,2,1
Stu_7b3e93242e4650597ea6ead66d47d4bf,all*NearBench*Click*NonUnitNearBench,4,5
Stu_7b3e93242e4650597ea6ead66d47d4bf,all*NotNear,18,10
Stu_7b3e93242e4650597ea6ead66d47d4bf,all*NotNear*1/3,2,5
Stu_7b3e93242e4650597ea6ead66d47d4bf,all*NotNear*2/5,2,5
Stu_7b3e93242e4650597ea6ead66d47d4bf,all*NotNear*3/7,2,7
Stu_7b3e93242e4650597ea6ead66d47d4bf,all*NotNear*5/8,2,7
Stu_7b3e93242e4650597ea6ead66d47d4bf,all*NotNear*Click,6,4
Stu_7b3e93242e4650597ea6ead66d47d4bf,all*NotNear*Click*3/7,2,3
Stu_7b3e93242e4650597ea6ead66d47d4bf,all*NotNear*Click*NonUnitNotNear,14,5
Stu_7b3e93242e4650597ea6ead66d47d4bf,all*NotNear*Click*NonUnitNotNear*3/5,2,4
Stu_7b3e93242e4650597ea6ead66d47d4bf,all*NotNear*Click*NonUnitNotNear*7/10,2,1
Stu_7b3e93242e4650597ea6ead66d47d4bf,all*Whole-numC,3,1
Stu_7cbaaf367dc88964d049e0c29881d37e,all,6,14
Stu_7cbaaf367dc88964d049e0c29881d37e,all*NearBench,6,12
Stu_7cbaaf367dc88964d049e0c29881d37e,all*NearBench*1/10,2,8
Stu_7cbaaf367dc88964d049e0c29881d37e,all*NearBench*1/8,2,9
Stu_7cbaaf367dc88964d049e0c29881d37e,all*NearBench*5/6,2,6
Stu_7cbaaf367dc88964d049e0c29881d37e,all*NearBench*Click,4,8
Stu_7cbaaf367dc88964d049e0c29881d37e,all*NearBench*Click*1/10,2,8
Stu_7cbaaf367dc88964d049e0c29881d37e,all*NearBench*Click*9/10,2,6
Stu_7cbaaf367dc88964d049e0c29881d37e,all*NearBench*Click*NonUnitNearBench,4,10
Stu_7cbaaf367dc88964d049e0c29881d37e,all*NotNear,18,11
Stu_7cbaaf367dc88964d049e0c29881d37e,all*NotNear*1/3,2,10
Stu_7cbaaf367dc88964d049e0c29881d37e,all*NotNear*2/5,2,11
Stu_7cbaaf367dc88964d049e0c29881d37e,all*NotNear*3/7,2,9
Stu_7cbaaf367dc88964d049e0c29881d37e,all*NotNear*5/8,2,4
Stu_7cbaaf367dc88964d049e0c29881d37e,all*NotNear*Click,6,10
Stu_7cbaaf367dc88964d049e0c29881d37e,all*NotNear*Click*3/7,2,7
Stu_7cbaaf367dc88964d049e0c29881d37e,all*NotNear*Click*NonUnitNotNear,14,10
Stu_7cbaaf367dc88964d049e0c29881d37e,all*NotNear*Click*NonUnitNotNear*3/5,2,9
Stu_7cbaaf367dc88964d049e0c29881d37e,all*NotNear*Click*NonUnitNotNear*7/10,2,10
Stu_7ec32a1be1ab2c230bee18ffe3707386,all,5,15
Stu_7ec32a1be1ab2c230bee18ffe3707386,all*NearBench,5,8
Stu_7ec32a1be1ab2c230bee18ffe3707386,all*NearBench*1/10,2,5
Stu_7ec32a1be1ab2c230bee18ffe3707386,all*NearBench*Click,4,4
Stu_7ec32a1be1ab2c230bee18ffe3707386,all*NearBench*Click*1/10,2,5
Stu_7ec32a1be1ab2c230bee18ffe3707386,all*NearBench*Click*9/10,2,2
Stu_7ec32a1be1ab2c230bee18ffe3707386,all*NearBench*Click*NonUnitNearBench,4,5
Stu_7ec32a1be1ab2c230bee18ffe3707386,all*NotNear,18,9
Stu_7ec32a1be1ab2c230bee18ffe3707386,all*NotNear*1/3,2,4
Stu_7ec32a1be1ab2c230bee18ffe3707386,all*NotNear*2/5,2,4
Stu_7ec32a1be1ab2c230bee18ffe3707386,all*NotNear*3/7,2,8
Stu_7ec32a1be1ab2c230bee18ffe3707386,all*NotNear*5/8,2,7
Stu_7ec32a1be1ab2c230bee18ffe3707386,all*NotNear*Click,6,6
Stu_7ec32a1be1ab2c230bee18ffe3707386,all*NotNear*Click*3/7,2,5
Stu_7ec32a1be1ab2c230bee18ffe3707386,all*NotNear*Click*NonUnitNotNear,15,6
Stu_7ec32a1be1ab2c230bee18ffe3707386,all*NotNear*Click*NonUnitNotNear*3/5,2,2
Stu_7ec32a1be1ab2c230bee18ffe3707386,all*NotNear*Click*NonUnitNotNear*7/10,2,4
Stu_7f0dc8682019639042b62b4c9a255c7b,all,6,15
Stu_7f0dc8682019639042b62b4c9a255c7b,all*NearBench,7,12
Stu_7f0dc8682019639042b62b4c9a255c7b,all*NearBench*1/10,3,11
Stu_7f0dc8682019639042b62b4c9a255c7b,all*NearBench*1/8,2,7
Stu_7f0dc8682019639042b62b4c9a255c7b,all*NearBench*5/6,2,5
Stu_7f0dc8682019639042b62b4c9a255c7b,all*NearBench*Click,4,10
Stu_7f0dc8682019639042b62b4c9a255c7b,all*NearBench*Click*1/10,2,7
Stu_7f0dc8682019639042b62b4c9a255c7b,all*NearBench*Click*9/10,2,6
Stu_7f0dc8682019639042b62b4c9a255c7b,all*NearBench*Click*NonUnitNearBench,3,8
Stu_7f0dc8682019639042b62b4c9a255c7b,all*NotNear,14,11
Stu_7f0dc8682019639042b62b4c9a255c7b,all*NotNear*1/3,2,9
Stu_7f0dc8682019639042b62b4c9a255c7b,all*NotNear*2/5,2,9
Stu_7f0dc8682019639042b62b4c9a255c7b,all*NotNear*3/7,3,6
Stu_7f0dc8682019639042b62b4c9a255c7b,all*NotNear*5/8,2,8
Stu_7f0dc8682019639042b62b4c9a255c7b,all*NotNear*Click,7,9
Stu_7f0dc8682019639042b62b4c9a255c7b,all*NotNear*Click*NonUnitNotNear,14,11
Stu_7f0dc8682019639042b62b4c9a255c7b,all*NotNear*Click*NonUnitNotNear*3/5,2,10
Stu_7f0dc8682019639042b62b4c9a255c7b,all*NotNear*Click*NonUnitNotNear*7/10,2,10
Stu_821ac44a98e2e20a43c097bda7a2e90b,all,6,19
Stu_821ac44a98e2e20a43c097bda7a2e90b,all*NearBench,6,8
Stu_821ac44a98e2e20a43c097bda7a2e90b,all*NearBench*1/10,2,7
Stu_821ac44a98e2e20a43c097bda7a2e90b,all*NearBench*1/8,2,5
Stu_821ac44a98e2e20a43c097bda7a2e90b,all*NearBench*5/6,2,4
Stu_821ac44a98e2e20a43c097bda7a2e90b,all*NearBench*Click,4,6
Stu_821ac44a98e2e20a43c097bda7a2e90b,all*NearBench*Click*1/10,2,4
Stu_821ac44a98e2e20a43c097bda7a2e90b,all*NearBench*Click*9/10,2,4
Stu_821ac44a98e2e20a43c097bda7a2e90b,all*NearBench*Click*NonUnitNearBench,4,5
Stu_821ac44a98e2e20a43c097bda7a2e90b,all*NotNear,18,10
Stu_821ac44a98e2e20a43c097bda7a2e90b,all*NotNear*1/3,2,6
Stu_821ac44a98e2e20a43c097bda7a2e90b,all*NotNear*2/5,2,8
Stu_821ac44a98e2e20a43c097bda7a2e90b,all*NotNear*3/7,2,4
Stu_821ac44a98e2e20a43c097bda7a2e90b,all*NotNear*5/8,2,6
Stu_821ac44a98e2e20a43c097bda7a2e90b,all*NotNear*Click,6,4
Stu_821ac44a98e2e20a43c097bda7a2e90b,all*NotNear*Click*3/7,2,5
Stu_821ac44a98e2e20a43c097bda7a2e90b,all*NotNear*Click*NonUnitNotNear,14,5
Stu_821ac44a98e2e20a43c097bda7a2e90b,all*NotNear*Click*NonUnitNotNear*3/5,2,5
Stu_821ac44a98e2e20a43c097bda7a2e90b,all*NotNear*Click*NonUnitNotNear*7/10,2,3
Stu_899c4788673607270811b31f83a33d67,all,6,17
Stu_899c4788673607270811b31f83a33d67,all*NearBench,6,10
Stu_899c4788673607270811b31f83a33d67,all*NearBench*1/10,2,6
Stu_899c4788673607270811b31f83a33d67,all*NearBench*1/8,2,9
Stu_899c4788673607270811b31f83a33d67,all*NearBench*5/6,2,8
Stu_899c4788673607270811b31f83a33d67,all*NearBench*Click,5,8
Stu_899c4788673607270811b31f83a33d67,all*NearBench*Click*1/10,2,8
Stu_899c4788673607270811b31f83a33d67,all*NearBench*Click*NonUnitNearBench,3,7
Stu_899c4788673607270811b31f83a33d67,all*NotNear,17,12
Stu_899c4788673607270811b31f83a33d67,all*NotNear*1/3,2,9
Stu_899c4788673607270811b31f83a33d67,all*NotNear*2/5,2,10
Stu_899c4788673607270811b31f83a33d67,all*NotNear*3/7,2,5
Stu_899c4788673607270811b31f83a33d67,all*NotNear*5/8,2,6
Stu_899c4788673607270811b31f83a33d67,all*NotNear*Click,6,8
Stu_899c4788673607270811b31f83a33d67,all*NotNear*Click*3/7,3,9
Stu_899c4788673607270811b31f83a33d67,all*NotNear*Click*NonUnitNotNear,14,10
Stu_899c4788673607270811b31f83a33d67,all*NotNear*Click*NonUnitNotNear*3/5,2,8
Stu_899c4788673607270811b31f83a33d67,all*NotNear*Click*NonUnitNotNear*7/10,2,6
Stu_90223de95b8f65077f7bb9103d0048f5,all,6,14
Stu_90223de95b8f65077f7bb9103d0048f5,all*NearBench,6,10
Stu_90223de95b8f65077f7bb9103d0048f5,all*NearBench*1/10,2,7
Stu_90223de95b8f65077f7bb9103d0048f5,all*NearBench*5/6,2,6
Stu_90223de95b8f65077f7bb9103d0048f5,all*NearBench*Click,4,9
Stu_90223de95b8f65077f7bb9103d0048f5,all*NearBench*Click*9/10,2,7
Stu_90223de95b8f65077f7bb9103d0048f5,all*NearBench*Click*NonUnitNearBench,4,11
Stu_90223de95b8f65077f7bb9103d0048f5,all*NotNear,18,13
Stu_90223de95b8f65077f7bb9103d0048f5,all*NotNear*1/3,2,8
Stu_90223de95b8f65077f7bb9103d0048f5,all*NotNear*2/5,2,5
Stu_90223de95b8f65077f7bb9103d0048f5,all*NotNear*3/7,2,8
Stu_90223de95b8f65077f7bb9103d0048f5,all*NotNear*5/8,2,5
Stu_90223de95b8f65077f7bb9103d0048f5,all*NotNear*Click,6,9
Stu_90223de95b8f65077f7bb9103d0048f5,all*NotNear*Click*3/7,2,10
Stu_90223de95b8f65077f7bb9103d0048f5,all*NotNear*Click*NonUnitNotNear,15,10
Stu_90223de95b8f65077f7bb9103d0048f5,all*NotNear*Click*NonUnitNotNear*3/5,2,8
Stu_90d11fafc3af587e73612a1604e0683c,all,6,14
Stu_90d11fafc3af587e73612a1604e0683c,all*NearBench,6,9
Stu_90d11fafc3af587e73612a1604e0683c,all*NearBench*1/10,2,6
Stu_90d11fafc3af587e73612a1604e0683c,all*NearBench*1/8,2,9
Stu_90d11fafc3af587e73612a1604e0683c,all*NearBench*5/6,2,4
Stu_90d11fafc3af587e73612a1604e0683c,all*NearBench*Click,4,8
Stu_90d11fafc3af587e73612a1604e0683c,all*NearBench*Click*1/10,2,9
Stu_90d11fafc3af587e73612a1604e0683c,all*NearBench*Click*9/10,2,7
Stu_90d11fafc3af587e73612a1604e0683c,all*NearBench*Click*NonUnitNearBench,4,8
Stu_90d11fafc3af587e73612a1604e0683c,all*NotNear,18,11
Stu_90d11fafc3af587e73612a1604e0683c,all*NotNear*1/3,2,6
Stu_90d11fafc3af587e73612a1604e0683c,all*NotNear*2/5,2,6
Stu_90d11fafc3af587e73612a1604e0683c,all*NotNear*3/7,2,7
Stu_90d11fafc3af587e73612a1604e0683c,all*NotNear*5/8,2,9
Stu_90d11fafc3af587e73612a1604e0683c,all*NotNear*Click,6,9
Stu_90d11fafc3af587e73612a1604e0683c,all*NotNear*Click*3/7,2,8
Stu_90d11fafc3af587e73612a1604e0683c,all*NotNear*Click*NonUnitNotNear,14,9
Stu_90d11fafc3af587e73612a1604e0683c,all*NotNear*Click*NonUnitNotNear*3/5,2,5
Stu_90d11fafc3af587e73612a1604e0683c,all*NotNear*Click*NonUnitNotNear*7/10,2,6
Stu_9c8f954d884dcc7ec9a90715f0c08a3c,all,5,12
Stu_9c8f954d884dcc7ec9a90715f0c08a3c,all*NearBench,6,9
Stu_9c8f954d884dcc7ec9a90715f0c08a3c,all*NearBench*1/10,2,9
Stu_9c8f954d884dcc7ec9a90715f0c08a3c,all*NearBench*1/8,2,11
Stu_9c8f954d884dcc7ec9a90715f0c08a3c,all*NearBench*5/6,2,5
Stu_9c8f954d884dcc7ec9a90715f0c08a3c,all*NearBench*Click,4,8
Stu_9c8f954d884dcc7ec9a90715f0c08a3c,all*NearBench*Click*1/10,2,7
Stu_9c8f954d884dcc7ec9a90715f0c08a3c,all*NearBench*Click*9/10,2,6
Stu_9c8f954d884dcc7ec9a90715f0c08a3c,all*NearBench*Click*NonUnitNearBench,3,7
Stu_9c8f954d884dcc7ec9a90715f0c08a3c,all*NotNear,17,12
Stu_9c8f954d884dcc7ec9a90715f0c08a3c,all*NotNear*1/3,2,10
Stu_9c8f954d884dcc7ec9a90715f0c08a3c,all*NotNear*2/5,2,9
Stu_9c8f954d884dcc7ec9a90715f0c08a3c,all*NotNear*3/7,2,9
Stu_9c8f954d884dcc7ec9a90715f0c08a3c,all*NotNear*5/8,2,8
Stu_9c8f954d884dcc7ec9a90715f0c08a3c,all*NotNear*Click,8,10
Stu_9c8f954d884dcc7ec9a90715f0c08a3c,all*NotNear*Click*3/7,2,8
Stu_9c8f954d884dcc7ec9a90715f0c08a3c,all*NotNear*Click*NonUnitNotNear,14,10
Stu_9c8f954d884dcc7ec9a90715f0c08a3c,all*NotNear*Click*NonUnitNotNear*7/10,2,7
Stu_a069cddcde2c0ef7aa894f54f8d56dee,all,6,17
Stu_a069cddcde2c0ef7aa894f54f8d56dee,all*NearBench,6,9
Stu_a069cddcde2c0ef7aa894f54f8d56dee,all*NearBench*1/10,2,4
Stu_a069cddcde2c0ef7aa894f54f8d56dee,all*NearBench*1/8,2,6
Stu_a069cddcde2c0ef7aa894f54f8d56dee,all*NearBench*5/6,2,3
Stu_a069cddcde2c0ef7aa894f54f8d56dee,all*NearBench*Click,4,6
Stu_a069cddcde2c0ef7aa894f54f8d56dee,all*NearBench*Click*1/10,2,5
Stu_a069cddcde2c0ef7aa894f54f8d56dee,all*NearBench*Click*9/10,2,2
Stu_a069cddcde2c0ef7aa894f54f8d56dee,all*NearBench*Click*NonUnitNearBench,4,4
Stu_a069cddcde2c0ef7aa894f54f8d56dee,all*NotNear,18,9
Stu_a069cddcde2c0ef7aa894f54f8d56dee,all*NotNear*1/3,2,9
Stu_a069cddcde2c0ef7aa894f54f8d56dee,all*NotNear*2/5,2,6
Stu_a069cddcde2c0ef7aa894f54f8d56dee,all*NotNear*3/7,2,3
Stu_a069cddcde2c0ef7aa894f54f8d56dee,all*NotNear*5/8,2,3
Stu_a069cddcde2c0ef7aa894f54f8d56dee,all*NotNear*Click,6,6
Stu_a069cddcde2c0ef7aa894f54f8d56dee,all*NotNear*Click*3/7,2,5
Stu_a069cddcde2c0ef7aa894f54f8d56dee,all*NotNear*Click*NonUnitNotNear,14,5
Stu_a069cddcde2c0ef7aa894f54f8d56dee,all*NotNear*Click*NonUnitNotNear*3/5,2,6
Stu_a069cddcde2c0ef7aa894f54f8d56dee,all*NotNear*Click*NonUnitNotNear*7/10,2,3
Stu_afb19ffa488480a2818b851ab417f6e5,"",,6
Stu_afb19ffa488480a2818b851ab417f6e5,all,6,20
Stu_afb19ffa488480a2818b851ab417f6e5,all*NearBench,6,11
Stu_afb19ffa488480a2818b851ab417f6e5,all*NearBench*1/10,2,12
Stu_afb19ffa488480a2818b851ab417f6e5,all*NearBench*1/8,2,5
Stu_afb19ffa488480a2818b851ab417f6e5,all*NearBench*5/6,2,9
Stu_afb19ffa488480a2818b851ab417f6e5,all*NearBench*Click,4,10
Stu_afb19ffa488480a2818b851ab417f6e5,all*NearBench*Click*1/10,2,9
Stu_afb19ffa488480a2818b851ab417f6e5,all*NearBench*Click*9/10,2,12
Stu_afb19ffa488480a2818b851ab417f6e5,all*NearBench*Click*NonUnitNearBench,4,12
Stu_afb19ffa488480a2818b851ab417f6e5,all*NotNear,17,12
Stu_afb19ffa488480a2818b851ab417f6e5,all*NotNear*1/3,2,6
Stu_afb19ffa488480a2818b851ab417f6e5,all*NotNear*2/5,2,8
Stu_afb19ffa488480a2818b851ab417f6e5,all*NotNear*3/7,2,9
Stu_afb19ffa488480a2818b851ab417f6e5,all*NotNear*Click,6,11
Stu_afb19ffa488480a2818b851ab417f6e5,all*NotNear*Click*3/7,2,9
Stu_afb19ffa488480a2818b851ab417f6e5,all*NotNear*Click*NonUnitNotNear,13,12
Stu_afb19ffa488480a2818b851ab417f6e5,all*NotNear*Click*NonUnitNotNear*3/5,2,9
Stu_afb19ffa488480a2818b851ab417f6e5,all*NotNear*Click*NonUnitNotNear*7/10,2,10
Stu_afb19ffa488480a2818b851ab417f6e5,all*Whole-numC,3,1
Stu_b1711db85b0ab6f312b326f1f3a26db3,all,5,13
Stu_b1711db85b0ab6f312b326f1f3a26db3,all*NearBench,6,13
Stu_b1711db85b0ab6f312b326f1f3a26db3,all*NearBench*1/10,2,7
Stu_b1711db85b0ab6f312b326f1f3a26db3,all*NearBench*1/8,2,12
Stu_b1711db85b0ab6f312b326f1f3a26db3,all*NearBench*Click,4,13
Stu_b1711db85b0ab6f312b326f1f3a26db3,all*NearBench*Click*1/10,2,10
Stu_b1711db85b0ab6f312b326f1f3a26db3,all*NearBench*Click*9/10,2,9
Stu_b1711db85b0ab6f312b326f1f3a26db3,all*NearBench*Click*NonUnitNearBench,4,13
Stu_b1711db85b0ab6f312b326f1f3a26db3,all*NotNear,18,16
Stu_b1711db85b0ab6f312b326f1f3a26db3,all*NotNear*1/3,2,9
Stu_b1711db85b0ab6f312b326f1f3a26db3,all*NotNear*2/5,2,13
Stu_b1711db85b0ab6f312b326f1f3a26db3,all*NotNear*3/7,2,14
Stu_b1711db85b0ab6f312b326f1f3a26db3,all*NotNear*5/8,2,9
Stu_b1711db85b0ab6f312b326f1f3a26db3,all*NotNear*Click,4,11
Stu_b1711db85b0ab6f312b326f1f3a26db3,all*NotNear*Click*3/7,2,9
Stu_b1711db85b0ab6f312b326f1f3a26db3,all*NotNear*Click*NonUnitNotNear,17,14
Stu_b1711db85b0ab6f312b326f1f3a26db3,all*NotNear*Click*NonUnitNotNear*3/5,2,12
Stu_b1711db85b0ab6f312b326f1f3a26db3,all*NotNear*Click*NonUnitNotNear*7/10,2,10
Stu_bb7813763310ba41038a6ccb573dccbf,all,6,18
Stu_bb7813763310ba41038a6ccb573dccbf,all*NearBench,7,13
Stu_bb7813763310ba41038a6ccb573dccbf,all*NearBench*1/10,2,8
Stu_bb7813763310ba41038a6ccb573dccbf,all*NearBench*1/8,2,7
Stu_bb7813763310ba41038a6ccb573dccbf,all*NearBench*5/6,2,10
Stu_bb7813763310ba41038a6ccb573dccbf,all*NearBench*Click,5,10
Stu_bb7813763310ba41038a6ccb573dccbf,all*NearBench*Click*1/10,2,7
Stu_bb7813763310ba41038a6ccb573dccbf,all*NearBench*Click*NonUnitNearBench,4,12
Stu_bb7813763310ba41038a6ccb573dccbf,all*NotNear,16,12
Stu_bb7813763310ba41038a6ccb573dccbf,all*NotNear*1/3,2,9
Stu_bb7813763310ba41038a6ccb573dccbf,all*NotNear*2/5,2,9
Stu_bb7813763310ba41038a6ccb573dccbf,all*NotNear*3/7,2,12
Stu_bb7813763310ba41038a6ccb573dccbf,all*NotNear*5/8,2,10
Stu_bb7813763310ba41038a6ccb573dccbf,all*NotNear*Click,7,11
Stu_bb7813763310ba41038a6ccb573dccbf,all*NotNear*Click*3/7,2,9
Stu_bb7813763310ba41038a6ccb573dccbf,all*NotNear*Click*NonUnitNotNear,13,13
Stu_bb7813763310ba41038a6ccb573dccbf,all*NotNear*Click*NonUnitNotNear*3/5,2,10
Stu_bb7813763310ba41038a6ccb573dccbf,all*NotNear*Click*NonUnitNotNear*7/10,2,10
Stu_c928783d6daef0ca7c71d2040ce62a9b,all,6,14
Stu_c928783d6daef0ca7c71d2040ce62a9b,all*NearBench,6,8
Stu_c928783d6daef0ca7c71d2040ce62a9b,all*NearBench*1/10,2,4
Stu_c928783d6daef0ca7c71d2040ce62a9b,all*NearBench*1/8,2,6
Stu_c928783d6daef0ca7c71d2040ce62a9b,all*NearBench*5/6,2,4
Stu_c928783d6daef0ca7c71d2040ce62a9b,all*NearBench*Click,4,4
Stu_c928783d6daef0ca7c71d2040ce62a9b,all*NearBench*Click*NonUnitNearBench,4,5
Stu_c928783d6daef0ca7c71d2040ce62a9b,all*NotNear,18,6
Stu_c928783d6daef0ca7c71d2040ce62a9b,all*NotNear*1/3,2,7
Stu_c928783d6daef0ca7c71d2040ce62a9b,all*NotNear*2/5,2,7
Stu_c928783d6daef0ca7c71d2040ce62a9b,all*NotNear*3/7,2,8
Stu_c928783d6daef0ca7c71d2040ce62a9b,all*NotNear*5/8,2,4
Stu_c928783d6daef0ca7c71d2040ce62a9b,all*NotNear*Click,7,4
Stu_c928783d6daef0ca7c71d2040ce62a9b,all*NotNear*Click*3/7,2,3
Stu_c928783d6daef0ca7c71d2040ce62a9b,all*NotNear*Click*NonUnitNotNear,14,6
Stu_c928783d6daef0ca7c71d2040ce62a9b,all*NotNear*Click*NonUnitNotNear*3/5,2,2
Stu_c928783d6daef0ca7c71d2040ce62a9b,all*NotNear*Click*NonUnitNotNear*7/10,2,4
Stu_cd65c159821c83c1383e38421161123c,all,6,15
Stu_cd65c159821c83c1383e38421161123c,all*NearBench,6,8
Stu_cd65c159821c83c1383e38421161123c,all*NearBench*1/10,3,6
Stu_cd65c159821c83c1383e38421161123c,all*NearBench*1/8,2,9
Stu_cd65c159821c83c1383e38421161123c,all*NearBench*5/6,2,10
Stu_cd65c159821c83c1383e38421161123c,all*NearBench*Click,4,11
Stu_cd65c159821c83c1383e38421161123c,all*NearBench*Click*9/10,2,7
Stu_cd65c159821c83c1383e38421161123c,all*NearBench*Click*NonUnitNearBench,4,8
Stu_cd65c159821c83c1383e38421161123c,all*NotNear,15,11
Stu_cd65c159821c83c1383e38421161123c,all*NotNear*1/3,2,8
Stu_cd65c159821c83c1383e38421161123c,all*NotNear*2/5,2,6
Stu_cd65c159821c83c1383e38421161123c,all*NotNear*3/7,2,11
Stu_cd65c159821c83c1383e38421161123c,all*NotNear*5/8,2,9
Stu_cd65c159821c83c1383e38421161123c,all*NotNear*Click,6,10
Stu_cd65c159821c83c1383e38421161123c,all*NotNear*Click*3/7,2,8
Stu_cd65c159821c83c1383e38421161123c,all*NotNear*Click*NonUnitNotNear,13,10
Stu_cd65c159821c83c1383e38421161123c,all*NotNear*Click*NonUnitNotNear*3/5,3,6
Stu_cd65c159821c83c1383e38421161123c,all*NotNear*Click*NonUnitNotNear*7/10,2,8
Stu_ce8d95ab2a46787c5a3102531f4307b8,all,5,11
Stu_ce8d95ab2a46787c5a3102531f4307b8,all*NearBench,7,10
Stu_ce8d95ab2a46787c5a3102531f4307b8,all*NearBench*Click,5,9
Stu_ce8d95ab2a46787c5a3102531f4307b8,all*NearBench*Click*1/10,2,7
Stu_ce8d95ab2a46787c5a3102531f4307b8,all*NearBench*Click*NonUnitNearBench,4,10
Stu_ce8d95ab2a46787c5a3102531f4307b8,all*NotNear,20,12
Stu_ce8d95ab2a46787c5a3102531f4307b8,all*NotNear*1/3,2,7
Stu_ce8d95ab2a46787c5a3102531f4307b8,all*NotNear*2/5,2,9
Stu_ce8d95ab2a46787c5a3102531f4307b8,all*NotNear*3/7,2,7
Stu_ce8d95ab2a46787c5a3102531f4307b8,all*NotNear*5/8,2,9
Stu_ce8d95ab2a46787c5a3102531f4307b8,all*NotNear*Click,6,9
Stu_ce8d95ab2a46787c5a3102531f4307b8,all*NotNear*Click*3/7,2,8
Stu_ce8d95ab2a46787c5a3102531f4307b8,all*NotNear*Click*NonUnitNotNear,13,11
Stu_ce8d95ab2a46787c5a3102531f4307b8,all*NotNear*Click*NonUnitNotNear*3/5,2,8
Stu_ce8d95ab2a46787c5a3102531f4307b8,all*NotNear*Click*NonUnitNotNear*7/10,2,9
Stu_d33ba5425a1ebacbe6bfd5b0dbb07f7f,all,6,15
Stu_d33ba5425a1ebacbe6bfd5b0dbb07f7f,all*NearBench,5,10
Stu_d33ba5425a1ebacbe6bfd5b0dbb07f7f,all*NearBench*1/10,3,4
Stu_d33ba5425a1ebacbe6bfd5b0dbb07f7f,all*NearBench*1/8,2,10
Stu_d33ba5425a1ebacbe6bfd5b0dbb07f7f,all*NearBench*Click,4,9
Stu_d33ba5425a1ebacbe6bfd5b0dbb07f7f,all*NearBench*Click*9/10,2,10
Stu_d33ba5425a1ebacbe6bfd5b0dbb07f7f,all*NearBench*Click*NonUnitNearBench,4,11
Stu_d33ba5425a1ebacbe6bfd5b0dbb07f7f,all*NotNear,18,12
Stu_d33ba5425a1ebacbe6bfd5b0dbb07f7f,all*NotNear*1/3,2,8
Stu_d33ba5425a1ebacbe6bfd5b0dbb07f7f,all*NotNear*2/5,2,10
Stu_d33ba5425a1ebacbe6bfd5b0dbb07f7f,all*NotNear*5/8,2,7
Stu_d33ba5425a1ebacbe6bfd5b0dbb07f7f,all*NotNear*Click,6,10
Stu_d33ba5425a1ebacbe6bfd5b0dbb07f7f,all*NotNear*Click*3/7,2,10
Stu_d33ba5425a1ebacbe6bfd5b0dbb07f7f,all*NotNear*Click*NonUnitNotNear,14,11
Stu_d33ba5425a1ebacbe6bfd5b0dbb07f7f,all*NotNear*Click*NonUnitNotNear*3/5,3,7
Stu_d33ba5425a1ebacbe6bfd5b0dbb07f7f,all*NotNear*Click*NonUnitNotNear*7/10,2,7
Stu_d3bd40ee29807ba69e0e750fccf49d55,all,7,153
Stu_d3bd40ee29807ba69e0e750fccf49d55,all*NearBench,6,12
Stu_d3bd40ee29807ba69e0e750fccf49d55,all*NearBench*1/10,2,12
Stu_d3bd40ee29807ba69e0e750fccf49d55,all*NearBench*1/8,2,13
Stu_d3bd40ee29807ba69e0e750fccf49d55,all*NearBench*5/6,2,7
Stu_d3bd40ee29807ba69e0e750fccf49d55,all*NearBench*Click,4,11
Stu_d3bd40ee29807ba69e0e750fccf49d55,all*NearBench*Click*1/10,2,8
Stu_d3bd40ee29807ba69e0e750fccf49d55,all*NearBench*Click*9/10,2,11
Stu_d3bd40ee29807ba69e0e750fccf49d55,all*NearBench*Click*NonUnitNearBench,4,13
Stu_d3bd40ee29807ba69e0e750fccf49d55,all*NotNear,17,15
Stu_d3bd40ee29807ba69e0e750fccf49d55,all*NotNear*1/3,2,10
Stu_d3bd40ee29807ba69e0e750fccf49d55,all*NotNear*2/5,3,16
Stu_d3bd40ee29807ba69e0e750fccf49d55,all*NotNear*3/7,2,10
Stu_d3bd40ee29807ba69e0e750fccf49d55,all*NotNear*Click,5,11
Stu_d3bd40ee29807ba69e0e750fccf49d55,all*NotNear*Click*3/7,2,8
Stu_d3bd40ee29807ba69e0e750fccf49d55,all*NotNear*Click*NonUnitNotNear,13,13
Stu_d3bd40ee29807ba69e0e750fccf49d55,all*NotNear*Click*NonUnitNotNear*3/5,2,11
Stu_d3bd40ee29807ba69e0e750fccf49d55,all*NotNear*Click*NonUnitNotNear*7/10,3,9
Stu_e16b57a9818ff1d2aa890801225d6db9,all,6,14
Stu_e16b57a9818ff1d2aa890801225d6db9,all*NearBench,6,6
Stu_e16b57a9818ff1d2aa890801225d6db9,all*NearBench*1/10,2,6
Stu_e16b57a9818ff1d2aa890801225d6db9,all*NearBench*1/8,2,7
Stu_e16b57a9818ff1d2aa890801225d6db9,all*NearBench*5/6,2,5
Stu_e16b57a9818ff1d2aa890801225d6db9,all*NearBench*Click,4,4
Stu_e16b57a9818ff1d2aa890801225d6db9,all*NearBench*Click*1/10,2,2
Stu_e16b57a9818ff1d2aa890801225d6db9,all*NearBench*Click*9/10,2,4
Stu_e16b57a9818ff1d2aa890801225d6db9,all*NearBench*Click*NonUnitNearBench,4,6
Stu_e16b57a9818ff1d2aa890801225d6db9,all*NotNear,18,9
Stu_e16b57a9818ff1d2aa890801225d6db9,all*NotNear*1/3,2,2
Stu_e16b57a9818ff1d2aa890801225d6db9,all*NotNear*2/5,2,1
Stu_e16b57a9818ff1d2aa890801225d6db9,all*NotNear*3/7,2,1
Stu_e16b57a9818ff1d2aa890801225d6db9,all*NotNear*5/8,2,5
Stu_e16b57a9818ff1d2aa890801225d6db9,all*NotNear*Click,6,4
Stu_e16b57a9818ff1d2aa890801225d6db9,all*NotNear*Click*3/7,2,3
Stu_e16b57a9818ff1d2aa890801225d6db9,all*NotNear*Click*NonUnitNotNear,14,5
Stu_e16b57a9818ff1d2aa890801225d6db9,all*NotNear*Click*NonUnitNotNear*3/5,2,3
Stu_e16b57a9818ff1d2aa890801225d6db9,all*NotNear*Click*NonUnitNotNear*7/10,2,2
Stu_e45192d3140c37dba1b53af2211b5813,all,6,15
Stu_e45192d3140c37dba1b53af2211b5813,all*NearBench,6,9
Stu_e45192d3140c37dba1b53af2211b5813,all*NearBench*1/10,2,8
Stu_e45192d3140c37dba1b53af2211b5813,all*NearBench*1/8,2,7
Stu_e45192d3140c37dba1b53af2211b5813,all*NearBench*5/6,2,6
Stu_e45192d3140c37dba1b53af2211b5813,all*NearBench*Click,4,3
Stu_e45192d3140c37dba1b53af2211b5813,all*NearBench*Click*1/10,2,2
Stu_e45192d3140c37dba1b53af2211b5813,all*NearBench*Click*9/10,2,2
Stu_e45192d3140c37dba1b53af2211b5813,all*NearBench*Click*NonUnitNearBench,4,4
Stu_e45192d3140c37dba1b53af2211b5813,all*NotNear,18,9
Stu_e45192d3140c37dba1b53af2211b5813,all*NotNear*1/3,2,5
Stu_e45192d3140c37dba1b53af2211b5813,all*NotNear*2/5,2,3
Stu_e45192d3140c37dba1b53af2211b5813,all*NotNear*3/7,2,7
Stu_e45192d3140c37dba1b53af2211b5813,all*NotNear*5/8,2,1
Stu_e45192d3140c37dba1b53af2211b5813,all*NotNear*Click,6,4
Stu_e45192d3140c37dba1b53af2211b5813,all*NotNear*Click*3/7,2,2
Stu_e45192d3140c37dba1b53af2211b5813,all*NotNear*Click*NonUnitNotNear,13,6
Stu_e45192d3140c37dba1b53af2211b5813,all*NotNear*Click*NonUnitNotNear*3/5,2,5
Stu_e4c7ecdc2d6baaa236a2794fc5544b27,all,6,17
Stu_e4c7ecdc2d6baaa236a2794fc5544b27,all*NearBench,6,8
Stu_e4c7ecdc2d6baaa236a2794fc5544b27,all*NearBench*1/10,2,5
Stu_e4c7ecdc2d6baaa236a2794fc5544b27,all*NearBench*1/8,2,5
Stu_e4c7ecdc2d6baaa236a2794fc5544b27,all*NearBench*5/6,2,7
Stu_e4c7ecdc2d6baaa236a2794fc5544b27,all*NearBench*Click,4,4
Stu_e4c7ecdc2d6baaa236a2794fc5544b27,all*NearBench*Click*1/10,2,2
Stu_e4c7ecdc2d6baaa236a2794fc5544b27,all*NearBench*Click*NonUnitNearBench,4,6
Stu_e4c7ecdc2d6baaa236a2794fc5544b27,all*NotNear,19,8
Stu_e4c7ecdc2d6baaa236a2794fc5544b27,all*NotNear*1/3,2,7
Stu_e4c7ecdc2d6baaa236a2794fc5544b27,all*NotNear*2/5,2,6
Stu_e4c7ecdc2d6baaa236a2794fc5544b27,all*NotNear*3/7,2,5
Stu_e4c7ecdc2d6baaa236a2794fc5544b27,all*NotNear*Click,5,5
Stu_e4c7ecdc2d6baaa236a2794fc5544b27,all*NotNear*Click*3/7,2,5
Stu_e4c7ecdc2d6baaa236a2794fc5544b27,all*NotNear*Click*NonUnitNotNear,16,5
Stu_e4c7ecdc2d6baaa236a2794fc5544b27,all*NotNear*Click*NonUnitNotNear*3/5,2,2
Stu_e4c7ecdc2d6baaa236a2794fc5544b27,all*NotNear*Click*NonUnitNotNear*7/10,2,2
Stu_e92f06cd6f4ff0d5e13ddbd221543e69,all,6,18
Stu_e92f06cd6f4ff0d5e13ddbd221543e69,all*NearBench,6,11
Stu_e92f06cd6f4ff0d5e13ddbd221543e69,all*NearBench*1/10,2,9
Stu_e92f06cd6f4ff0d5e13ddbd221543e69,all*NearBench*1/8,2,10
Stu_e92f06cd6f4ff0d5e13ddbd221543e69,all*NearBench*5/6,2,7
Stu_e92f06cd6f4ff0d5e13ddbd221543e69,all*NearBench*Click,3,7
Stu_e92f06cd6f4ff0d5e13ddbd221543e69,all*NearBench*Click*1/10,2,10
Stu_e92f06cd6f4ff0d5e13ddbd221543e69,all*NearBench*Click*9/10,2,8
Stu_e92f06cd6f4ff0d5e13ddbd221543e69,all*NearBench*Click*NonUnitNearBench,4,9
Stu_e92f06cd6f4ff0d5e13ddbd221543e69,all*NotNear,16,13
Stu_e92f06cd6f4ff0d5e13ddbd221543e69,all*NotNear*1/3,2,6
Stu_e92f06cd6f4ff0d5e13ddbd221543e69,all*NotNear*2/5,2,7
Stu_e92f06cd6f4ff0d5e13ddbd221543e69,all*NotNear*3/7,2,7
Stu_e92f06cd6f4ff0d5e13ddbd221543e69,all*NotNear*5/8,2,8
Stu_e92f06cd6f4ff0d5e13ddbd221543e69,all*NotNear*Click,5,8
Stu_e92f06cd6f4ff0d5e13ddbd221543e69,all*NotNear*Click*3/7,3,11
Stu_e92f06cd6f4ff0d5e13ddbd221543e69,all*NotNear*Click*NonUnitNotNear,15,11
Stu_e92f06cd6f4ff0d5e13ddbd221543e69,all*NotNear*Click*NonUnitNotNear*3/5,2,8
Stu_e92f06cd6f4ff0d5e13ddbd221543e69,all*NotNear*Click*NonUnitNotNear*7/10,2,6
Stu_f19a79ec336e5aa301861c0c5800fe5c,all,6,17
Stu_f19a79ec336e5aa301861c0c5800fe5c,all*NearBench,4,12
Stu_f19a79ec336e5aa301861c0c5800fe5c,all*NearBench*1/10,3,8
Stu_f19a79ec336e5aa301861c0c5800fe5c,all*NearBench*5/6,2,7
Stu_f19a79ec336e5aa301861c0c5800fe5c,all*NearBench*Click,5,10
Stu_f19a79ec336e5aa301861c0c5800fe5c,all*NearBench*Click*9/10,2,7
Stu_f19a79ec336e5aa301861c0c5800fe5c,all*NearBench*Click*NonUnitNearBench,4,8
Stu_f19a79ec336e5aa301861c0c5800fe5c,all*NotNear,19,12
Stu_f19a79ec336e5aa301861c0c5800fe5c,all*NotNear*1/3,2,6
Stu_f19a79ec336e5aa301861c0c5800fe5c,all*NotNear*2/5,2,7
Stu_f19a79ec336e5aa301861c0c5800fe5c,all*NotNear*5/8,2,9
Stu_f19a79ec336e5aa301861c0c5800fe5c,all*NotNear*Click,7,11
Stu_f19a79ec336e5aa301861c0c5800fe5c,all*NotNear*Click*3/7,2,8
Stu_f19a79ec336e5aa301861c0c5800fe5c,all*NotNear*Click*NonUnitNotNear,14,11
Stu_f19a79ec336e5aa301861c0c5800fe5c,all*NotNear*Click*NonUnitNotNear*7/10,2,7
Stu_f99e579d3ea58a4a7cd389eec5b6a7f1,all,6,11
Stu_f99e579d3ea58a4a7cd389eec5b6a7f1,all*NearBench,6,11
Stu_f99e579d3ea58a4a7cd389eec5b6a7f1,all*NearBench*1/8,2,10
Stu_f99e579d3ea58a4a7cd389eec5b6a7f1,all*NearBench*5/6,2,5
Stu_f99e579d3ea58a4a7cd389eec5b6a7f1,all*NearBench*Click,4,10
Stu_f99e579d3ea58a4a7cd389eec5b6a7f1,all*NearBench*Click*1/10,2,9
Stu_f99e579d3ea58a4a7cd389eec5b6a7f1,all*NearBench*Click*9/10,2,8
Stu_f99e579d3ea58a4a7cd389eec5b6a7f1,all*NearBench*Click*NonUnitNearBench,4,9
Stu_f99e579d3ea58a4a7cd389eec5b6a7f1,all*NotNear,18,11
Stu_f99e579d3ea58a4a7cd389eec5b6a7f1,all*NotNear*1/3,2,7
Stu_f99e579d3ea58a4a7cd389eec5b6a7f1,all*NotNear*2/5,2,6
Stu_f99e579d3ea58a4a7cd389eec5b6a7f1,all*NotNear*3/7,2,6
Stu_f99e579d3ea58a4a7cd389eec5b6a7f1,all*NotNear*Click,5,10
Stu_f99e579d3ea58a4a7cd389eec5b6a7f1,all*NotNear*Click*3/7,2,8
Stu_f99e579d3ea58a4a7cd389eec5b6a7f1,all*NotNear*Click*NonUnitNotNear,14,11
Stu_f99e579d3ea58a4a7cd389eec5b6a7f1,all*NotNear*Click*NonUnitNotNear*3/5,2,6
Stu_f99e579d3ea58a4a7cd389eec5b6a7f1,all*NotNear*Click*NonUnitNotNear*7/10,2,7
Stu_fafd5c563612153b22013e350d6c6dab,all,6,14
Stu_fafd5c563612153b22013e350d6c6dab,all*NearBench,6,9
Stu_fafd5c563612153b22013e350d6c6dab,all*NearBench*1/10,2,6
Stu_fafd5c563612153b22013e350d6c6dab,all*NearBench*1/8,2,5
Stu_fafd5c563612153b22013e350d6c6dab,all*NearBench*5/6,2,5
Stu_fafd5c563612153b22013e350d6c6dab,all*NearBench*Click,4,8
Stu_fafd5c563612153b22013e350d6c6dab,all*NearBench*Click*1/10,2,7
Stu_fafd5c563612153b22013e350d6c6dab,all*NearBench*Click*9/10,2,5
Stu_fafd5c563612153b22013e350d6c6dab,all*NearBench*Click*NonUnitNearBench,4,10
Stu_fafd5c563612153b22013e350d6c6dab,all*NotNear,18,12
Stu_fafd5c563612153b22013e350d6c6dab,all*NotNear*1/3,2,8
Stu_fafd5c563612153b22013e350d6c6dab,all*NotNear*2/5,2,7
Stu_fafd5c563612153b22013e350d6c6dab,all*NotNear*3/7,2,9
Stu_fafd5c563612153b22013e350d6c6dab,all*NotNear*5/8,2,12
Stu_fafd5c563612153b22013e350d6c6dab,all*NotNear*Click,6,9
Stu_fafd5c563612153b22013e350d6c6dab,all*NotNear*Click*3/7,2,9
Stu_fafd5c563612153b22013e350d6c6dab,all*NotNear*Click*NonUnitNotNear,14,9
Stu_fafd5c563612153b22013e350d6c6dab,all*NotNear*Click*NonUnitNotNear*3/5,2,7
Stu_fafd5c563612153b22013e350d6c6dab,all*NotNear*Click*NonUnitNotNear*7/10,2,5
Stu_fb7e6a49648bf27d424d6676e523fb64,all,6,20
Stu_fb7e6a49648bf27d424d6676e523fb64,all*NearBench,6,14
Stu_fb7e6a49648bf27d424d6676e523fb64,all*NearBench*1/10,2,9
Stu_fb7e6a49648bf27d424d6676e523fb64,all*NearBench*1/8,2,12
Stu_fb7e6a49648bf27d424d6676e523fb64,all*NearBench*5/6,2,10
Stu_fb7e6a49648bf27d424d6676e523fb64,all*NearBench*Click,4,13
Stu_fb7e6a49648bf27d424d6676e523fb64,all*NearBench*Click*1/10,2,7
Stu_fb7e6a49648bf27d424d6676e523fb64,all*NearBench*Click*9/10,2,11
Stu_fb7e6a49648bf27d424d6676e523fb64,all*NearBench*Click*NonUnitNearBench,4,12
Stu_fb7e6a49648bf27d424d6676e523fb64,all*NotNear,18,14
Stu_fb7e6a49648bf27d424d6676e523fb64,all*NotNear*1/3,2,11
Stu_fb7e6a49648bf27d424d6676e523fb64,all*NotNear*2/5,2,6
Stu_fb7e6a49648bf27d424d6676e523fb64,all*NotNear*3/7,2,14
Stu_fb7e6a49648bf27d424d6676e523fb64,all*NotNear*5/8,2,11
Stu_fb7e6a49648bf27d424d6676e523fb64,all*NotNear*Click,6,12
Stu_fb7e6a49648bf27d424d6676e523fb64,all*NotNear*Click*3/7,2,9
Stu_fb7e6a49648bf27d424d6676e523fb64,all*NotNear*Click*NonUnitNotNear,14,13
Stu_fb7e6a49648bf27d424d6676e523fb64,all*NotNear*Click*NonUnitNotNear*3/5,2,11
Stu_fb7e6a49648bf27d424d6676e523fb64,all*NotNear*Click*NonUnitNotNear*7/10,2,10
Stu_feabb83606f65a52fb9d4e4296cdfe76,all,6,18
Stu_feabb83606f65a52fb9d4e4296cdfe76,all*NearBench,7,11
Stu_feabb83606f65a52fb9d4e4296cdfe76,all*NearBench*1/8,2,8
Stu_feabb83606f65a52fb9d4e4296cdfe76,all*NearBench*5/6,2,14
Stu_feabb83606f65a52fb9d4e4296cdfe76,all*NearBench*Click,3,8
Stu_feabb83606f65a52fb9d4e4296cdfe76,all*NearBench*Click*1/10,3,7
Stu_feabb83606f65a52fb9d4e4296cdfe76,all*NearBench*Click*9/10,2,12
Stu_feabb83606f65a52fb9d4e4296cdfe76,all*NearBench*Click*NonUnitNearBench,3,11
Stu_feabb83606f65a52fb9d4e4296cdfe76,all*NotNear,17,13
Stu_feabb83606f65a52fb9d4e4296cdfe76,all*NotNear*1/3,2,13
Stu_feabb83606f65a52fb9d4e4296cdfe76,all*NotNear*2/5,2,6
Stu_feabb83606f65a52fb9d4e4296cdfe76,all*NotNear*3/7,2,8
Stu_feabb83606f65a52fb9d4e4296cdfe76,all*NotNear*5/8,2,7
Stu_feabb83606f65a52fb9d4e4296cdfe76,all*NotNear*Click,6,11
Stu_feabb83606f65a52fb9d4e4296cdfe76,all*NotNear*Click*3/7,2,7
Stu_feabb83606f65a52fb9d4e4296cdfe76,all*NotNear*Click*NonUnitNotNear,14,11
Stu_feabb83606f65a52fb9d4e4296cdfe76,all*NotNear*Click*NonUnitNotNear*7/10,3,10
